query,output,timestamp
Real Estate,"Job Fit Report — Combined jobs and analysis

Candidate summary (from provided context)
- Name in reviews: Lakshman Rao Abburi
- Background: Experienced full-time Realtor based in the San Francisco Bay Area (Keller Williams, Jan 2010–present). Strong strengths in residential sales, client communication, property showings, negotiation, investor work and top-producing results. The candidate is Bay Area–based.

Executive summary — prioritized recommendations
1. Real Estate Agent – Pleasanton / Livermore (Score: 95) — Apply immediately. Excellent fit with minimal upskilling needed.
2. Real Estate Agent - East Bay in San Francisco at Redfin (Score: 85) — Strong fit; prepare to demonstrate adaptability to a tech-forward, corporate brokerage model.
3. Leasing Agent (San Jose) (Score: 60) — Consider if seeking stable hourly income or leasing/property-management experience; note lower pay and potential step down from top-producing Realtor role.
4. Associate Property Manager - 286199 (San Francisco) (Score: 50) — Partial fit; consider if willing to highlight any property-management tasks and to gain targeted operational/financial experience or certification.
5. Real Estate Analyst - Los Angeles (Score: 30) — Low fit currently; significant upskilling in financial modeling, valuation and Excel plus possible relocation would be required.

Detailed job-by-job analysis and recommended actions

1) Real Estate Agent – Pleasanton / Livermore
- Location: Pleasanton, California
- Job type: Real Estate Agent (residential sales)
- Link: https://www.youdrivethesuccess.com/listing/real-estate-agent-pleasanton-livermore/
- Skills listed: Residential sales, Client communication, Property showings, Negotiation
- Salary: Not provided
- Review summary and reason for score (95): Excellent fit. Candidate’s profile demonstrates 16+ years of local residential sales and the exact skills required. Role aligns with candidate’s local market and experience.
- Recommendation: Apply directly and proactively.
- Action items for application:
  - Highlight 16+ years of local residential sales and top-producing outcomes.
  - Emphasize investor transactions and any measurable metrics (closed volume, conversion rates, listings-days-on-market improvements).
  - Provide recent MLS/market updates or examples of local market intelligence you track.
  - Showcase digital marketing and CRM examples (campaigns, client nurturing, lead conversion).
  - Minimal upskilling needed — focus on tailoring resume, client testimonials and current listings/sales.

2) Real Estate Agent - East Bay in San Francisco at Redfin
- Location: San Francisco Bay Area
- Job type: Real Estate Agent
- Link: https://talents.vaia.com/companies/redfin/real-estate-agent-east-bay-19784274/
- Skills listed: Buyer representation, Seller representation, Local market knowledge, Client relationship management
- Salary: Not provided
- Review summary and reason for score (85): Strong match on core transactional skills and local knowledge. Potential difference is Redfin’s tech-driven lead model and corporate processes compared with franchise/independent brokerage operations.
- Recommendation: Apply, but prepare to show adaptability to tech-driven workflows and team-based models.
- Action items for application:
  - Document examples of working with inside sales teams or coordinating with buyer/seller support teams.
  - Demonstrate familiarity and comfort with CRM systems, digital lead management and remote client engagement tools.
  - Prepare examples showing flexibility in process (handling corporate lead systems, performance metrics).
  - Emphasize track record, responsiveness to leads and measurable client-satisfaction outcomes.
  - Consider preparing a short narrative on how you’d integrate your local market expertise with Redfin’s tech approach.

3) Leasing Agent (San Jose, Apartment Leasing Consultant)
- Location: San Jose, California
- Job type: Leasing Agent / Apartment Leasing Consultant
- Link: https://thelibertygroup.com/jobs/leasing-agent-276917/
- Skills listed: Strong sales acumen, Knowledge of property management, Tenant relations, Lease administration
- Salary: $19-$24/hr
- Review summary and reason for score (60): Good skills overlap — property showings, tenant relations and lease administration fall within candidate’s skill set. However, hourly pay and day-to-day leasing focus may be a step down from a top-producing Realtor role.
- Recommendation: Consider applying only if you want stable hourly income, to gain property-management or leasing experience, or to fill a gap between sales roles.
- Action items for application:
  - Emphasize leasing conversion rates, tenant retention examples and lease-administration competence.
  - Present client-service metrics and examples of successful rental placements or investor/landlord coordination.
  - If not financially or career-wise interested in hourly work, prioritize commission-based sales roles instead.
  - If applying, ask for clarity (in cover letter) about growth opportunities, commission potential or transition paths into property management.

4) Associate Property Manager - 286199
- Location: San Francisco, California
- Job type: Associate Property Manager
- Link: https://careers.cbre.com/en_US/careers/JobDetail/Associate-Property-Manager/286199
- Skills listed: Financial management, Property operations, Portfolio management, Vendor coordination
- Salary: Not provided
- Review summary and reason for score (50): Partial fit. Candidate has broad real estate and investor experience, but the role emphasizes operational property management and financial management areas not explicitly detailed in the candidate’s current profile. Transitioning from brokerage transactions to day-to-day property operations may require additional experience or certifications.
- Recommendation: Consider if you can demonstrate relevant operational experience or are willing to pursue short courses/certification to strengthen candidacy.
- Action items for application and short-term upskilling:
  - Highlight any landlord or investor-facing property management tasks you’ve performed (rent rolls, maintenance coordination, vendor relationships).
  - If possible, provide examples of portfolio-level work (multiple properties managed, cashflow oversight).
  - Consider certifications or short courses (NAA property management, local community college courses, or on-the-job shadowing with a property manager).
  - Gain hands-on experience by managing a small rental portfolio, volunteering to assist with property operations, or documenting vendor negotiations and cost-control examples.
  - Emphasize reliability, client-relationship skills and ability to coordinate vendors and contractors.

5) Real Estate Analyst - Los Angeles (listings)
- Location: Los Angeles, California
- Job type: Real Estate Analyst
- Link: https://www.linkedin.com/jobs/real-estate-analyst-jobs-los-angeles-ca
- Skills listed: Financial modeling, Market research, Valuation analysis, Excel proficiency
- Salary: $63k-$107k
- Review summary and reason for score (30): Low fit currently. The role requires advanced financial modeling, valuation and Excel-based analysis, plus being Los Angeles–based. The candidate’s profile centers on transactional sales and client-facing brokerage work rather than analytic modeling tasks.
- Recommendation: Not recommended to apply now unless willing to invest in targeted upskilling and potentially relocate.
- Action items for longer-term transition (if interested):
  - Develop financial modeling and valuation skills through courses (real estate finance, Excel modeling, Argus if relevant).
  - Build and include sample models or case studies (cashflow models, discounted cash flow analyses, comparable valuations).
  - Seek hybrid projects in current work that require analytical tasks (rental pro forma, deal underwriting).
  - Consider partnering with an analyst at your firm or hiring a mentor to develop portfolio examples.
  - Be open to relocation or remote opportunities; ensure you can present relevant analytical deliverables in applications.

Final prioritized action plan (concise)
- Immediate: Submit application for Real Estate Agent – Pleasanton / Livermore. Tailor materials to emphasize 16+ years of local sales, investor work, and digital/CRM examples.
- Near-term: Prepare an application for Redfin (East Bay) with emphasis on tech/lead management adaptability and team collaboration.
- Conditional: Apply for Leasing Agent only if seeking hourly stability or leasing experience; otherwise deprioritize.
- Development track: Pursue property management certification and operational experience if interested in Associate Property Manager roles.
- Long-term skill building: If pivoting to Real Estate Analyst roles, invest in financial modeling/valuation courses and create sample deliverables; also address location mismatch.

This report consolidates each job posting’s details, the provided fit analysis and actionable recommendations to apply or upskill based on fit scores and the candidate’s background.",2026-07-28 09:19:37.185345
